{
  "fonts":{
    "Abel":"Abel",
    "Abril Fatface":"Abril Fatface",
    "Acme":"Acme",
    "Alegreya":"Alegreya", 
    "Alex Brush":"Alex Brush", 
    "Amaranth":"Amaranth",
    "Amatic SC":"Amatic SC",
    "Anton":"Anton", 
    "Arbutus Slab":"Arbutus Slab", 
    "Architects Daughter":"Architects Daughter",
    "Archivo":"Archivo",
    "Archivo Black":"Archivo Black", 
    "Arima Madurai":"Arima Madurai",
    "Asap":"Asap",
    "Arial":"Arial", 
    "Bad Script":"Bad Script", 
    "Baloo Bhaina":"Baloo Bhaina", 
    "Bangers":"Bangers", 
    "Berkshire Swash":"Berkshire Swash", 
    "Bitter":"Bitter", "Boogaloo":"Boogaloo",
    "Bree Serif":"Bree Serif", 
    "Bungee Shade":"Bungee Shade", 
    "Cantata One":"Cantata One", 
    "Catamaran":"Catamaran", 
    "Caveat":"Caveat",
    "Caveat Brush":"Caveat Brush",
    "Ceviche One":"Ceviche One",
    "Chewy":"Chewy",
    "Contrail One":"Contrail One", 
    "Crete Round":"Crete Round", 
    "Dancing Script":"Dancing Script", 
    "Exo 2":"Exo 2",
    "Fascinate":"Fascinate",
    "Francois One":"Francois One", 
    "Freckle Face":"Freckle Face", 
    "Fredoka One":"Fredoka One", 
    "Gloria Hallelujah":"Gloria Hallelujah", 
    "Gochi Hand":"Gochi Hand", 
    "Great Vibes":"Great Vibes",
    "Handlee":"Handlee",
    "Inconsolata":"Inconsolata",
    "Indie Flower"   :"Indie Flower",
    "Kaushan Script":"Kaushan Script",
    "Lalezar" :"Lalezar",
    "Lato":"Lato",
    "Libre Baskerville":"Libre Baskerville",
    "Life Savers":"Life Savers",
    "Lobster":"Lobster",
    "Lora":"Lora",
    "Luckiest Guy":"Luckiest Guy",
    "Marcellus SC":"Marcellus SC",
    "Monoton": "Monoton",
    "Montserrat":"Montserrat",
    "News Cycle":"News Cycle",
    "Nothing You Could Do":"Nothing You Could Do",
    "Noto Serif":"Noto Serif", 
    "Oleo Script Swash Caps":"Oleo Script Swash Caps",
    "Open Sans":"Open Sans",
    "Open Sans Condensed":"Open Sans Condensed",
    "Oranienbaum":"Oranienbaum",
    "Oswald":"Oswald", "PT Sans":"PT Sans", 
    "PT Sans Narrow":"PT Sans Narrow",
    "PT Serif":"PT Serif", "Pacifico":"Pacifico",
    "Patrick Hand":"Patrick Hand", 
    "Peralta":"Peralta",
    "Permanent Marker":"Permanent Marker",
    "Philosopher":"Philosopher",
    "Play":"Play",
    "Playfair Display":"Playfair Display",
    "Playfair Display SC":"Playfair Display SC",
    "Poiret One":"Poiret One",
    "Press Start 2P":"Press Start 2P",
    "Prosto One":"Prosto One", 
    "Quattrocento":"Quattrocento", 
    "Questrial":"Questrial", 
    "Quicksand":"Quicksand",
    "Raleway":"Raleway", 
    "Rancho":"Rancho", 
    "Righteous":"Righteous", 
    "Roboto":"Roboto", 
    "Roboto Condensed":"Roboto Condensed", 
    "Roboto Slab":"Roboto Slab",
    "Rubik":"Rubik", "Rye":"Rye", 
    "Satisfy":"Satisfy", 
    "Shadows Into Light":"Shadows Into Light",
    "Shojumaru":"Shojumaru", 
    "Sigmar One":"Sigmar One",
    "Skranji":"Skranji", 
    "Slabo 27px":"Slabo 27px", 
    "Special Elite":"Special Elite", 
    "Tinos":"Tinos", 
    "Ultra":"Ultra",
    "UnifrakturMaguntia":"UnifrakturMaguntia",
    "VT323":"VT323",
    "Yanone Kaffeesatz":"Yanone Kaffeesatz"
  }
}